PR50-WS2050-0009,1,42",W
PR50-WS2050-0009,2,42",W
PR50-WS2050-0009,3,42",F
PR60-WS2050-0009-001,1,42",W
PR60-WS2050-0009-001,2,42",W
PR60-WS2050-0009-001,3,42",F
PR60-WS2050-0009-002,1,42",W
PR60-WS2050-0009-002,2,42",F
PR60-WS2050-0009-003,1,42",W
PR70-WS2050-0009-001,1,42",W
PR70-WS2050-0009-001,2,40",W
PR70-WS2050-0009-001,3,40",W
PR70-WS2050-0009-002,1,42",W
PR70-WS2050-0009-002,2,42",F
PR70-WS2050-0009-003,1,42",W
PR70-WS2050-0009-003,2,42",W
PR70-WS2050-0009-003,3,42",W
PR70-WS2050-0009-003,4,42",W
PR70-WS2050-0009-003,5,42",F
